https://media.cnn.com/api/v1/images/stellar/prod/gettyimages-2202780792.jpg?c=16x9&q=h_720,w_1280,c_fill
https://media.cnn.com/api/v1/images/stellar/prod/still-21437183-152823-428-still.jpg?c=16x9&q=h_270,w_480,c_fill
https://media.cnn.com/api/v1/images/stellar/prod/amanpournewsplit.jpg?c=16x9&q=h_270,w_480,c_fill
https://media.cnn.com/api/v1/images/stellar/prod/gettyimages-2197652311.jpg?c=16x9&q=h_270,w_480,c_fill
https://media.cnn.com/api/v1/images/stellar/prod/gettyimages-105925019.jpg?c=16x9&q=h_720,w_1280,c_fill
https://media.cnn.com/api/v1/images/stellar/prod/c-2025-03-07t170720z-475235084-rc2a8dasgw7s-rtrmadp-3-usa-trump.jpg?c=16x9&q=h_720,w_1280,c_fill
https://media.cnn.com/api/v1/images/stellar/prod/cnn-headlines-placeholder-1920x1080.png?c=16x9&q=w_1280,c_fill
https://media.cnn.com/api/v1/images/stellar/prod/ap25066775700390.jpg?c=16x9&q=h_438,w_780,c_fill
https://media.cnn.com/api/v1/images/stellar/prod/01-womenandwork-illo.png?c=16x9&q=h_144,w_256,c_fill
https://media.cnn.com/api/v1/images/stellar/prod/as-equals-thumb-2.jpg?c=16x9&q=h_144,w_256,c_fill
https://media.cnn.com/api/v1/images/stellar/prod/with-love-meghan-u-s1-e5-00-06-22-14r.jpg?c=16x9&q=h_144,w_256,c_fill
https://media.cnn.com/api/v1/images/stellar/prod/gettyimages-2198503928.jpg?c=16x9&q=h_438,w_780,c_fill
https://media.cnn.com/api/v1/images/stellar/prod/gettyimages-2148014432-20250307192614985.jpg?c=16x9&q=h_720,w_1280,c_fill
https://media.cnn.com/api/v1/images/stellar/prod/ap25066519713017.jpg?c=16x9&q=h_720,w_1280,c_fill
https://media.cnn.com/api/v1/images/stellar/prod/230410103359-doctor-and-patient-stock.jpg?c=16x9&q=h_144,w_256,c_fill
https://media.cnn.com/api/v1/images/stellar/prod/220415164803-resume-writing-stock.jpg?c=16x9&q=h_144,w_256,c_fill
https://media.cnn.com/api/v1/images/stellar/prod/chance-encounters-ep-4-1920x1080.jpg?c=16x9&q=h_144,w_256,c_fill
https://media.cnn.com/api/v1/images/stellar/prod/10-10-gettyimages-2202018986-jpg.jpg?c=16x9&q=h_438,w_780,c_fill
https://media.cnn.com/api/v1/images/stellar/prod/ap25062197044147.jpg?c=16x9&q=h_144,w_256,c_fill
https://media.cnn.com/api/v1/images/stellar/prod/20250306-quiz.jpg?c=16x9&q=h_144,w_256,c_fill
https://media.cnn.com/api/v1/images/stellar/prod/move-us-tips-thumb-01.jpg?c=16x9&q=h_438,w_780,c_fill
https://media.cnn.com/api/v1/images/stellar/prod/gettyimages-2188788525.jpg?c=16x9&q=h_438,w_780,c_fill
https://media.cnn.com/api/v1/images/stellar/prod/ison-250227-eh-6691.jpg?c=16x9&q=h_438,w_780,c_fill
https://media.cnn.com/api/v1/images/stellar/prod/gettyimages-1345912821.jpg?c=16x9&q=h_438,w_780,c_fill
https://media.cnn.com/api/v1/images/stellar/prod/2025-02-19t000557z-345948452-rc2cxcanpl19-rtrmadp-3-canada-crash.jpg?c=16x9&q=h_438,w_780,c_fill
https://media.cnn.com/api/v1/images/stellar/prod/seminole-7.jpg?c=16x9&q=h_144,w_256,c_fill
https://media.cnn.com/api/v1/images/stellar/prod/gettyimages-1481711677-copy.jpg?c=16x9&q=h_144,w_256,c_fill
https://media.cnn.com/api/v1/images/stellar/parsely/220715122428-macbook-air-m2-review-9.jpg?c=16x9&q=h_438,w_780,c_fill
https://media.cnn.com/api/v1/images/stellar/prod/210519135339-cnn-underscored-best-rain-jackets-5.jpg?c=16x9&q=h_438,w_780,c_fill
https://media.cnn.com/api/v1/images/stellar/prod/gettyimages-2197561123.jpg?c=16x9&q=h_438,w_780,c_fill
https://media.cnn.com/api/v1/images/stellar/prod/gettyimages-531163438.jpg?c=16x9&q=h_438,w_780,c_fill
https://media.cnn.com/api/v1/images/stellar/prod/6bf7a3-35806e98a6c840f192376433159c2fa9-mv2-copy.jpg?c=16x9&q=h_438,w_780,c_fill
https://media.cnn.com/api/v1/images/stellar/prod/gettyimages-1169479530.jpg?c=16x9&q=h_438,w_780,c_fill
https://media.cnn.com/api/v1/images/stellar/prod/ison-250227-eh-6691.jpg?c=16x9&q=h_438,w_780,c_fill
https://media.cnn.com/api/v1/images/stellar/prod/gettyimages-1206682746.jpg?c=16x9&q=h_438,w_780,c_fill
https://media.cnn.com/api/v1/images/stellar/prod/gettyimages-1160626064.jpg?c=16x9&q=h_438,w_780,c_fill
https://media.cnn.com/api/v1/images/stellar/prod/gettyimages-1883325190.jpg?c=16x9&q=h_438,w_780,c_fill
https://media.cnn.com/api/v1/images/stellar/prod/c-2025-03-06t162202z-2102828104-rc2qx8ari8h8-rtrmadp-3-sudan-emirates-world-court.jpg?c=16x9&q=h_438,w_780,c_fill
https://media.cnn.com/api/v1/images/stellar/prod/230410103359-doctor-and-patient-stock.jpg?c=16x9&q=h_438,w_780,c_fill
https://media.cnn.com/api/v1/images/stellar/bleacherreport/20250308004247157-null.png?c=16x9&q=h_438,w_780,c_fill
https://media.cnn.com/api/v1/images/stellar/prod/move-us-tips-thumb-01.jpg?c=16x9&q=h_270,w_480,c_fill
https://media.cnn.com/api/v1/images/stellar/prod/111434-cajuvenilejailfightclean-00-00-21-04-still001.jpg?c=16x9&q=h_270,w_480,c_fill
https://media.cnn.com/api/v1/images/stellar/prod/111410-kingdakaimplosion-clean-00-00-31-12-still001.jpg?c=16x9&q=h_270,w_480,c_fill
https://media.cnn.com/api/v1/images/stellar/prod/111398-dolphinpodca-thumbnail.jpg?c=16x9&q=h_270,w_480,c_fill
https://media.cnn.com/api/v1/images/stellar/prod/mw711-strawberries-and-cream-stuffed-french-toast-s4x3.jpg?c=16x9&q=h_438,w_780,c_fill
https://media.cnn.com/api/v1/images/stellar/prod/kc2407-easy-sugar-snap-pea-and-radish-salad-s4x3.jpg?c=16x9&q=h_438,w_780,c_fill
https://media.cnn.com/api/v1/images/stellar/prod/1586457568839.jpeg?c=16x9&q=h_438,w_780,c_fill
https://media.cnn.com/api/v1/images/stellar/prod/near-ir-green-and-near-uv-colour-view-of-mars.jpg?c=16x9&q=h_144,w_256,c_fill
https://media.cnn.com/api/v1/images/stellar/prod/megalografiaregioix-5.jpg?c=16x9&q=h_144,w_256,c_fill
https://media.cnn.com/api/v1/images/stellar/prod/gettyimages-1331814231.jpg?c=16x9&q=h_438,w_780,c_fill
https://media.cnn.com/api/v1/images/stellar/prod/2021-07-13t232848z-1207674426-rc2tjo9bhc1u-rtrmadp-3-tech-facebook.jpg?c=16x9&q=h_144,w_256,c_fill
https://media.cnn.com/api/v1/images/stellar/prod/gettyimages-2201508904-copy.jpg?c=16x9&q=h_144,w_256,c_fill
https://media.cnn.com/api/v1/images/stellar/prod/ap25062156760757-20250303043225932-20250303043246292.jpg?c=16x9&q=h_438,w_780,c_fill
https://media.cnn.com/api/v1/images/stellar/prod/venice01-image-png.jpg?c=16x9&q=h_438,w_780,c_fill
https://media.cnn.com/api/v1/images/stellar/prod/18-19-19-20-01jn3sb9r4j6e5rnr4c9y30rt6-jpg.jpg?c=16x9&q=h_438,w_780,c_fill
https://media.cnn.com/api/v1/images/stellar/prod/08-charlize-theron-ridgecrest-2.jpg?c=16x9&q=h_438,w_780,c_fill
https://media.cnn.com/api/v1/images/stellar/prod/xscreenshot-2025-03-06-at-20-47-45.jpg?c=16x9&q=h_438,w_780,c_fill
